title,outbound_url
Use Reddit Coins to award Gold to your favorite posts & comments!,https://www.reddit.com/coins
"Mars One, which offered 1-way trips to Mars, declared bankrupt",https://www.cbc.ca/news/technology/mars-one-bankrupt-1.5014522
Landmark Australian ruling rejects coal mine over global warming - The case is the first time a mine has been refused in the country because of climate change.,https://www.nature.com/articles/d41586-019-00545-8
UK Confirms It Will Not Allow CBD Foods or Beverages. – “Derived products containing cannabinoids are considered novel foods as a history of consumption has not been demonstrated.”,https://www.storiesfromcbd.com/articles/uk-confirms-it-will-not-allow-cbd-foods-or-beverages-derived-products-containing-cannabinoids-are-considered-novel-foods-as-a-history-of-consumption-has-not-been-demonstrated/
More than six in 10 Canadians say Facebook will have a negative impact on fall election: survey,https://www.theglobeandmail.com/politics/article-more-than-six-in-10-canadians-say-facebook-will-have-a-negative-impact/
"UK Headteachers back pupil strike that will see thousands of schoolchildren walk out of lessons in climate change protest - The National Association of Head Teachers said in a statement: ""When you get older pupils making an informed decision, that kind of thing needs to be applauded.",https://www.telegraph.co.uk/news/2019/02/10/headteachers-back-pupil-strike-will-see-thousands-schoolchildren/
A massive likeness of Trump mashed up with the “God-Emperor” character of the Warhammer 40K video games presided over a parade in Italy over the weekend.,https://www.huffingtonpost.com/entry/trump-parade-float-italy_us_5c611a4ae4b0eec79b254486
Ikea has issued an apology for selling world maps with New Zealand missing just weeks after announcing plans to expand into the small island nation.,https://www.newsweek.com/ikea-apolozies-leaving-new-zealand-world-map-after-announcing-plans-expand-1325765
Russia plans to 'unplug' from internet,http://www.bbc.co.uk/news/technology-47198426
YouTube announces it will no longer recommend conspiracy videos,https://www.nbcnews.com/tech/tech-news/youtube-announces-it-will-no-longer-recommend-conspiracy-videos-n969856
Australian Teens Ignore Anti-Vaxxer Parents by Getting Secret Vaccinations,https://www.thedailybeast.com/australian-teens-ignore-anti-vaxxer-parents-by-getting-secret-vaccinations
Thieves stole a rare 400-year-old bonsai from a Japanese garden. The grief-stricken owner offered care instructions.,https://www.scmp.com/news/asia/east-asia/article/2185760/thieves-stole-rare-400-year-old-bonsai-japanese-garden-grief
"Egypt pumps toxic gas into smuggling tunnel, killing two Palestinians",https://www.jpost.com/Middle-East/Egypt-pumps-toxic-gas-into-smuggling-tunnel-killing-two-Palestinians-580309?utm_source=dlvr.it&utm_medium=twitter
Artificial Intelligence Has Found an Unknown 'Ghost' Ancestor in The Human Genome,https://www.sciencealert.com/artificial-intelligence-identifies-unknown-ghost-ancestor-in-the-human-genome
Horror as missing girl in Malaysia found dead with internal organs removed,https://www.todayonline.com/world/horror-missing-girl-malaysia-found-dead-internal-organs-removed
'Napalm girl’ Kim Phuc receives German prize for peace work,https://www.theguardian.com/world/2019/feb/11/napalm-girl-kim-phuc-prize-peace-work
Kenya to remove pockets from police uniforms to fight corruption,https://www.celebritiesbuzz.com.gh/kenya-to-remove-pockets-from-police-uniforms-to-fight-corruption/?
Brazil to erase LGBT+ content from school books,https://www.pinknews.co.uk/2019/02/10/brazilian-president-jair-bolsonaro-erase-lgbt-content-schools/?utm_source=Twitter&utm_medium=Buffer&utm_campaign=PN
"France winter ‘flu epidemic worsens as 1,000+ die and two strains of the virus appearing largely resistant to the ‘flu vaccination.",https://www.connexionfrance.com/French-news/France-winter-flu-epidemic-worsens-as-more-than-1000-people-die-and-some-strains-resistant-to-vaccination
More than 100 dead after drinking bootleg alcohol in India,https://www.reuters.com/article/us-india-hooch/more-than-100-dead-after-drinking-bootleg-alcohol-in-india-idUSKCN1Q00W1?il=0
State of emergency is declared after more than 50 polar bears invade Russian town,https://www.dailymail.co.uk/news/article-6687731/State-emergency-declared-50-polar-bears-invade-Russian-town.html
"Conservatives break pledge to ban lion hunt trophies from being imported into UK - ‘Numbers in the wild are falling and numbers of captive lions are going up, yet it’s never on anyone’s agenda’",https://www.independent.co.uk/environment/lion-hunting-trophy-imports-ban-uk-us-africa-pledge-wildlife-zac-goldsmith-mps-a8772386.html
AP Exclusive: Undercover spy exposed in NYC was 1 of many,https://apnews.com/a1d1af4256c04cc5a36347667e966a14
National Enquirer Publisher Asked DOJ If It Should Register As Saudi Agent,https://talkingpointsmemo.com/muckraker/wsj-national-enquirer-publisher-asked-doj-if-it-should-register-as-saudi-agent
"National Geographic announces the Ocean Plastic Innovation Challenge aimed at reducing plastic waste, up to $1,000,000 in prize/grant money available",https://www.nationalgeographic.org/innovation-challenges/plastic/
'Seoul to shut down all dog slaughterhouses',http://www.koreatimes.co.kr/www/nation/2019/02/281_263405.html
